set,i,instance,n,d,floor,strategy,best_rho,gap,n_eval,wall,budget
planted,0,planted64[0],64,4,3.464102,family,3.103527,-0.360575,2000,0.581,2000
planted,0,planted64[0],64,4,3.464102,randcon,3.211394,-0.252708,2000,0.558,2000
planted,0,planted64[0],64,4,3.464102,random,3.232687,-0.231415,2000,0.413,2000
planted,0,planted64[0],64,4,3.464102,anneal,3.208721,-0.255381,2000,0.395,2000
planted,0,planted64[0],64,4,3.464102,tabu,3.146679,-0.317423,2000,0.374,2000
planted,1,planted64[1],64,4,3.464102,family,3.142588,-0.321513,2000,0.593,2000
planted,1,planted64[1],64,4,3.464102,randcon,3.220708,-0.243394,2000,0.564,2000
planted,1,planted64[1],64,4,3.464102,random,3.215984,-0.248118,2000,0.415,2000
planted,1,planted64[1],64,4,3.464102,anneal,3.175464,-0.288638,2000,0.384,2000
planted,1,planted64[1],64,4,3.464102,tabu,3.088769,-0.375333,2000,0.373,2000
planted,2,planted64[2],64,4,3.464102,family,3.092389,-0.371713,2000,0.623,2000
planted,2,planted64[2],64,4,3.464102,randcon,3.226547,-0.237555,2000,0.534,2000
planted,2,planted64[2],64,4,3.464102,random,3.17725,-0.286852,2000,0.412,2000
planted,2,planted64[2],64,4,3.464102,anneal,3.154607,-0.309495,2000,0.389,2000
planted,2,planted64[2],64,4,3.464102,tabu,3.110906,-0.353195,2000,0.377,2000
planted,3,planted64[3],64,4,3.464102,family,3.109445,-0.354657,2000,0.625,2000
planted,3,planted64[3],64,4,3.464102,randcon,3.20222,-0.261882,2000,0.531,2000
planted,3,planted64[3],64,4,3.464102,random,3.221583,-0.242519,2000,0.407,2000
planted,3,planted64[3],64,4,3.464102,anneal,3.172242,-0.291859,2000,0.387,2000
planted,3,planted64[3],64,4,3.464102,tabu,3.11683,-0.347272,2000,0.375,2000
planted,4,planted64[4],64,4,3.464102,family,3.104844,-0.359258,2000,0.619,2000
planted,4,planted64[4],64,4,3.464102,randcon,3.19156,-0.272542,2000,0.532,2000
planted,4,planted64[4],64,4,3.464102,random,3.171931,-0.292171,2000,0.4,2000
planted,4,planted64[4],64,4,3.464102,anneal,3.163843,-0.300259,2000,0.378,2000
planted,4,planted64[4],64,4,3.464102,tabu,3.098052,-0.366049,2000,0.368,2000
planted,5,planted64[5],64,4,3.464102,family,3.131767,-0.332335,2000,0.608,2000
planted,5,planted64[5],64,4,3.464102,randcon,3.19696,-0.267141,2000,0.54,2000
planted,5,planted64[5],64,4,3.464102,random,3.226293,-0.237808,2000,0.401,2000
planted,5,planted64[5],64,4,3.464102,anneal,3.166075,-0.298026,2000,0.377,2000
planted,5,planted64[5],64,4,3.464102,tabu,3.1448,-0.319302,2000,0.364,2000
planted,6,planted64[6],64,4,3.464102,family,3.119579,-0.344522,2000,0.609,2000
planted,6,planted64[6],64,4,3.464102,randcon,3.229543,-0.234558,2000,0.52,2000
planted,6,planted64[6],64,4,3.464102,random,3.188781,-0.27532,2000,0.394,2000
planted,6,planted64[6],64,4,3.464102,anneal,3.135812,-0.32829,2000,0.379,2000
planted,6,planted64[6],64,4,3.464102,tabu,3.114178,-0.349924,2000,0.369,2000
planted,7,planted64[7],64,4,3.464102,family,3.151437,-0.312664,2000,0.577,2000
planted,7,planted64[7],64,4,3.464102,randcon,3.225614,-0.238488,2000,0.588,2000
planted,7,planted64[7],64,4,3.464102,random,3.216143,-0.247959,2000,0.438,2000
planted,7,planted64[7],64,4,3.464102,anneal,3.192846,-0.271255,2000,0.401,2000
planted,7,planted64[7],64,4,3.464102,tabu,3.127253,-0.336848,2000,0.376,2000
planted,8,planted64[8],64,4,3.464102,family,3.116539,-0.347563,2000,0.616,2000
planted,8,planted64[8],64,4,3.464102,randcon,3.219058,-0.245044,2000,0.541,2000
planted,8,planted64[8],64,4,3.464102,random,3.186593,-0.277509,2000,0.409,2000
planted,8,planted64[8],64,4,3.464102,anneal,3.175214,-0.288887,2000,0.386,2000
planted,8,planted64[8],64,4,3.464102,tabu,3.10466,-0.359442,2000,0.384,2000
planted,9,planted64[9],64,4,3.464102,family,3.128337,-0.335764,2000,0.641,2000
planted,9,planted64[9],64,4,3.464102,randcon,3.207042,-0.25706,2000,0.545,2000
planted,9,planted64[9],64,4,3.464102,random,3.22265,-0.241451,2000,0.404,2000
planted,9,planted64[9],64,4,3.464102,anneal,3.181461,-0.282641,2000,0.39,2000
planted,9,planted64[9],64,4,3.464102,tabu,3.081482,-0.382619,2000,0.366,2000
planted,10,planted64[10],64,4,3.464102,family,3.100653,-0.363448,2000,0.613,2000
planted,10,planted64[10],64,4,3.464102,randcon,3.188821,-0.275281,2000,0.544,2000
planted,10,planted64[10],64,4,3.464102,random,3.213215,-0.250887,2000,0.396,2000
planted,10,planted64[10],64,4,3.464102,anneal,3.13149,-0.332612,2000,0.384,2000
planted,10,planted64[10],64,4,3.464102,tabu,3.053553,-0.410549,2000,0.366,2000
planted,11,planted64[11],64,4,3.464102,family,3.128964,-0.335138,2000,0.604,2000
planted,11,planted64[11],64,4,3.464102,randcon,3.201452,-0.26265,2000,0.506,2000
planted,11,planted64[11],64,4,3.464102,random,3.226151,-0.23795,2000,0.393,2000
planted,11,planted64[11],64,4,3.464102,anneal,3.171625,-0.292477,2000,0.38,2000
planted,11,planted64[11],64,4,3.464102,tabu,3.118699,-0.345402,2000,0.37,2000
planted,12,planted64[12],64,4,3.464102,family,3.087199,-0.376902,2000,0.606,2000
planted,12,planted64[12],64,4,3.464102,randcon,3.188761,-0.275341,2000,0.626,2000
planted,12,planted64[12],64,4,3.464102,random,3.216867,-0.247235,2000,0.399,2000
planted,12,planted64[12],64,4,3.464102,anneal,3.151859,-0.312243,2000,0.385,2000
planted,12,planted64[12],64,4,3.464102,tabu,3.078619,-0.385483,2000,0.372,2000
planted,13,planted64[13],64,4,3.464102,family,3.12641,-0.337692,2000,0.602,2000
planted,13,planted64[13],64,4,3.464102,randcon,3.209522,-0.254579,2000,0.566,2000
planted,13,planted64[13],64,4,3.464102,random,3.185245,-0.278857,2000,0.422,2000
planted,13,planted64[13],64,4,3.464102,anneal,3.200772,-0.26333,2000,0.391,2000
planted,13,planted64[13],64,4,3.464102,tabu,3.128371,-0.335731,2000,0.37,2000
planted,14,planted64[14],64,4,3.464102,family,3.096253,-0.367848,2000,0.581,2000
planted,14,planted64[14],64,4,3.464102,randcon,3.231923,-0.232179,2000,0.548,2000
planted,14,planted64[14],64,4,3.464102,random,3.230463,-0.233639,2000,0.411,2000
planted,14,planted64[14],64,4,3.464102,anneal,3.144087,-0.320014,2000,0.409,2000
planted,14,planted64[14],64,4,3.464102,tabu,3.14476,-0.319341,2000,0.386,2000
planted,15,planted64[15],64,4,3.464102,family,3.109959,-0.354143,2000,0.629,2000
planted,15,planted64[15],64,4,3.464102,randcon,3.220349,-0.243752,2000,0.545,2000
planted,15,planted64[15],64,4,3.464102,random,3.203976,-0.260125,2000,0.404,2000
planted,15,planted64[15],64,4,3.464102,anneal,3.166159,-0.297943,2000,0.375,2000
planted,15,planted64[15],64,4,3.464102,tabu,3.119741,-0.344361,2000,0.37,2000
planted,16,planted64[16],64,4,3.464102,family,3.087962,-0.37614,2000,0.612,2000
planted,16,planted64[16],64,4,3.464102,randcon,3.207604,-0.256498,2000,0.533,2000
planted,16,planted64[16],64,4,3.464102,random,3.150262,-0.31384,2000,0.398,2000
planted,16,planted64[16],64,4,3.464102,anneal,3.120652,-0.343449,2000,0.381,2000
planted,16,planted64[16],64,4,3.464102,tabu,3.097585,-0.366517,2000,0.396,2000
planted,17,planted64[17],64,4,3.464102,family,3.112126,-0.351975,2000,0.684,2000
planted,17,planted64[17],64,4,3.464102,randcon,3.205026,-0.259076,2000,0.619,2000
planted,17,planted64[17],64,4,3.464102,random,3.214941,-0.249161,2000,0.435,2000
planted,17,planted64[17],64,4,3.464102,anneal,3.195508,-0.268594,2000,0.418,2000
planted,17,planted64[17],64,4,3.464102,tabu,3.131069,-0.333032,2000,0.42,2000
planted,18,planted64[18],64,4,3.464102,family,3.09506,-0.369042,2000,0.719,2000
planted,18,planted64[18],64,4,3.464102,randcon,3.226793,-0.237309,2000,0.538,2000
planted,18,planted64[18],64,4,3.464102,random,3.216487,-0.247615,2000,0.404,2000
planted,18,planted64[18],64,4,3.464102,anneal,3.162641,-0.30146,2000,0.376,2000
planted,18,planted64[18],64,4,3.464102,tabu,3.074802,-0.389299,2000,0.36,2000
planted,19,planted64[19],64,4,3.464102,family,3.113119,-0.350982,2000,0.604,2000
planted,19,planted64[19],64,4,3.464102,randcon,3.21342,-0.250682,2000,0.531,2000
planted,19,planted64[19],64,4,3.464102,random,3.212924,-0.251178,2000,0.4,2000
planted,19,planted64[19],64,4,3.464102,anneal,3.148217,-0.315885,2000,0.375,2000
planted,19,planted64[19],64,4,3.464102,tabu,3.108762,-0.35534,2000,0.371,2000
conditioned,0,conditioned64[0](c4=27),64,4,3.464102,family,3.133058,-0.331043,2000,0.606,2000
conditioned,0,conditioned64[0](c4=27),64,4,3.464102,randcon,3.225913,-0.238189,2000,0.506,2000
conditioned,0,conditioned64[0](c4=27),64,4,3.464102,random,3.190907,-0.273194,2000,0.389,2000
conditioned,0,conditioned64[0](c4=27),64,4,3.464102,anneal,3.199293,-0.264808,2000,0.369,2000
conditioned,0,conditioned64[0](c4=27),64,4,3.464102,tabu,3.120278,-0.343823,2000,0.425,2000
conditioned,1,conditioned64[1](c4=26),64,4,3.464102,family,3.104176,-0.359925,2000,0.69,2000
conditioned,1,conditioned64[1](c4=26),64,4,3.464102,randcon,3.221941,-0.24216,2000,0.557,2000
conditioned,1,conditioned64[1](c4=26),64,4,3.464102,random,3.212897,-0.251204,2000,0.42,2000
conditioned,1,conditioned64[1](c4=26),64,4,3.464102,anneal,3.157904,-0.306198,2000,0.392,2000
conditioned,1,conditioned64[1](c4=26),64,4,3.464102,tabu,3.092203,-0.371898,2000,0.364,2000
conditioned,2,conditioned64[2](c4=26),64,4,3.464102,family,3.121908,-0.342194,2000,0.596,2000
conditioned,2,conditioned64[2](c4=26),64,4,3.464102,randcon,3.239254,-0.224848,2000,0.535,2000
conditioned,2,conditioned64[2](c4=26),64,4,3.464102,random,3.23668,-0.227422,2000,0.402,2000
conditioned,2,conditioned64[2](c4=26),64,4,3.464102,anneal,3.16303,-0.301072,2000,0.396,2000
conditioned,2,conditioned64[2](c4=26),64,4,3.464102,tabu,3.184718,-0.279384,2000,0.385,2000
conditioned,3,conditioned64[3](c4=26),64,4,3.464102,family,3.131621,-0.332481,2000,0.62,2000
conditioned,3,conditioned64[3](c4=26),64,4,3.464102,randcon,3.242462,-0.22164,2000,0.556,2000
conditioned,3,conditioned64[3](c4=26),64,4,3.464102,random,3.231798,-0.232304,2000,0.427,2000
conditioned,3,conditioned64[3](c4=26),64,4,3.464102,anneal,3.180489,-0.283613,2000,0.394,2000
conditioned,3,conditioned64[3](c4=26),64,4,3.464102,tabu,3.129579,-0.334522,2000,0.371,2000
conditioned,4,conditioned64[4](c4=26),64,4,3.464102,family,3.126575,-0.337526,2000,0.606,2000
conditioned,4,conditioned64[4](c4=26),64,4,3.464102,randcon,3.233452,-0.23065,2000,0.542,2000
conditioned,4,conditioned64[4](c4=26),64,4,3.464102,random,3.207543,-0.256558,2000,0.4,2000
conditioned,4,conditioned64[4](c4=26),64,4,3.464102,anneal,3.17328,-0.290822,2000,0.38,2000
conditioned,4,conditioned64[4](c4=26),64,4,3.464102,tabu,3.10259,-0.361511,2000,0.371,2000
conditioned,5,conditioned64[5](c4=27),64,4,3.464102,family,3.127423,-0.336679,2000,0.606,2000
conditioned,5,conditioned64[5](c4=27),64,4,3.464102,randcon,3.228227,-0.235874,2000,0.539,2000
conditioned,5,conditioned64[5](c4=27),64,4,3.464102,random,3.211758,-0.252343,2000,0.408,2000
conditioned,5,conditioned64[5](c4=27),64,4,3.464102,anneal,3.186413,-0.277689,2000,0.42,2000
conditioned,5,conditioned64[5](c4=27),64,4,3.464102,tabu,3.163531,-0.30057,2000,0.384,2000
conditioned,6,conditioned64[6](c4=26),64,4,3.464102,family,3.135404,-0.328698,2000,0.603,2000
conditioned,6,conditioned64[6](c4=26),64,4,3.464102,randcon,3.249142,-0.21496,2000,0.575,2000
conditioned,6,conditioned64[6](c4=26),64,4,3.464102,random,3.234666,-0.229436,2000,0.42,2000
conditioned,6,conditioned64[6](c4=26),64,4,3.464102,anneal,3.22761,-0.236491,2000,0.408,2000
conditioned,6,conditioned64[6](c4=26),64,4,3.464102,tabu,3.125222,-0.33888,2000,0.382,2000
conditioned,7,conditioned64[7](c4=26),64,4,3.464102,family,3.128386,-0.335716,2000,0.671,2000
conditioned,7,conditioned64[7](c4=26),64,4,3.464102,randcon,3.229545,-0.234557,2000,0.574,2000
conditioned,7,conditioned64[7](c4=26),64,4,3.464102,random,3.209545,-0.254557,2000,0.438,2000
conditioned,7,conditioned64[7](c4=26),64,4,3.464102,anneal,3.179613,-0.284489,2000,0.435,2000
conditioned,7,conditioned64[7](c4=26),64,4,3.464102,tabu,3.164404,-0.299698,2000,0.383,2000
conditioned,8,conditioned64[8](c4=26),64,4,3.464102,family,3.111466,-0.352636,2000,0.6,2000
conditioned,8,conditioned64[8](c4=26),64,4,3.464102,randcon,3.169711,-0.294391,2000,0.523,2000
conditioned,8,conditioned64[8](c4=26),64,4,3.464102,random,3.21252,-0.251582,2000,0.414,2000
conditioned,8,conditioned64[8](c4=26),64,4,3.464102,anneal,3.140862,-0.32324,2000,0.379,2000
conditioned,8,conditioned64[8](c4=26),64,4,3.464102,tabu,3.083056,-0.381045,2000,0.367,2000
conditioned,9,conditioned64[9](c4=26),64,4,3.464102,family,3.156484,-0.307618,2000,0.608,2000
conditioned,9,conditioned64[9](c4=26),64,4,3.464102,randcon,3.213223,-0.250879,2000,0.55,2000
conditioned,9,conditioned64[9](c4=26),64,4,3.464102,random,3.220553,-0.243549,2000,0.414,2000
conditioned,9,conditioned64[9](c4=26),64,4,3.464102,anneal,3.189131,-0.274971,2000,0.372,2000
conditioned,9,conditioned64[9](c4=26),64,4,3.464102,tabu,3.13244,-0.331662,2000,0.378,2000
conditioned,10,conditioned64[10](c4=26),64,4,3.464102,family,3.093791,-0.370311,2000,0.612,2000
conditioned,10,conditioned64[10](c4=26),64,4,3.464102,randcon,3.195511,-0.268591,2000,0.535,2000
conditioned,10,conditioned64[10](c4=26),64,4,3.464102,random,3.20796,-0.256142,2000,0.396,2000
conditioned,10,conditioned64[10](c4=26),64,4,3.464102,anneal,3.14826,-0.315842,2000,0.372,2000
conditioned,10,conditioned64[10](c4=26),64,4,3.464102,tabu,3.181683,-0.282418,2000,0.366,2000
conditioned,11,conditioned64[11](c4=27),64,4,3.464102,family,3.183094,-0.281007,2000,0.593,2000
conditioned,11,conditioned64[11](c4=27),64,4,3.464102,randcon,3.225435,-0.238667,2000,0.519,2000
conditioned,11,conditioned64[11](c4=27),64,4,3.464102,random,3.212838,-0.251263,2000,0.408,2000
conditioned,11,conditioned64[11](c4=27),64,4,3.464102,anneal,3.186443,-0.277659,2000,0.378,2000
conditioned,11,conditioned64[11](c4=27),64,4,3.464102,tabu,3.116725,-0.347376,2000,0.367,2000
conditioned,12,conditioned64[12](c4=26),64,4,3.464102,family,3.138572,-0.32553,2000,0.676,2000
conditioned,12,conditioned64[12](c4=26),64,4,3.464102,randcon,3.226029,-0.238073,2000,0.568,2000
conditioned,12,conditioned64[12](c4=26),64,4,3.464102,random,3.204764,-0.259338,2000,0.41,2000
conditioned,12,conditioned64[12](c4=26),64,4,3.464102,anneal,3.180025,-0.284077,2000,0.382,2000
conditioned,12,conditioned64[12](c4=26),64,4,3.464102,tabu,3.12416,-0.339942,2000,0.38,2000
conditioned,13,conditioned64[13](c4=26),64,4,3.464102,family,3.076446,-0.387655,2000,0.613,2000
conditioned,13,conditioned64[13](c4=26),64,4,3.464102,randcon,3.156299,-0.307803,2000,0.531,2000
conditioned,13,conditioned64[13](c4=26),64,4,3.464102,random,3.194736,-0.269366,2000,0.399,2000
conditioned,13,conditioned64[13](c4=26),64,4,3.464102,anneal,3.171805,-0.292297,2000,0.389,2000
conditioned,13,conditioned64[13](c4=26),64,4,3.464102,tabu,3.086071,-0.378031,2000,0.384,2000
conditioned,14,conditioned64[14](c4=26),64,4,3.464102,family,3.122662,-0.34144,2000,0.631,2000
conditioned,14,conditioned64[14](c4=26),64,4,3.464102,randcon,3.189185,-0.274917,2000,0.57,2000
conditioned,14,conditioned64[14](c4=26),64,4,3.464102,random,3.203726,-0.260376,2000,0.407,2000
conditioned,14,conditioned64[14](c4=26),64,4,3.464102,anneal,3.160707,-0.303395,2000,0.379,2000
conditioned,14,conditioned64[14](c4=26),64,4,3.464102,tabu,3.087138,-0.376964,2000,0.379,2000
conditioned,15,conditioned64[15](c4=26),64,4,3.464102,family,3.126215,-0.337886,2000,0.636,2000
conditioned,15,conditioned64[15](c4=26),64,4,3.464102,randcon,3.245004,-0.219097,2000,0.536,2000
conditioned,15,conditioned64[15](c4=26),64,4,3.464102,random,3.207128,-0.256974,2000,0.434,2000
conditioned,15,conditioned64[15](c4=26),64,4,3.464102,anneal,3.172475,-0.291626,2000,0.382,2000
conditioned,15,conditioned64[15](c4=26),64,4,3.464102,tabu,3.123195,-0.340907,2000,0.401,2000
conditioned,16,conditioned64[16](c4=26),64,4,3.464102,family,3.103962,-0.36014,2000,0.635,2000
conditioned,16,conditioned64[16](c4=26),64,4,3.464102,randcon,3.198225,-0.265876,2000,0.525,2000
conditioned,16,conditioned64[16](c4=26),64,4,3.464102,random,3.220828,-0.243274,2000,0.396,2000
conditioned,16,conditioned64[16](c4=26),64,4,3.464102,anneal,3.171895,-0.292207,2000,0.38,2000
conditioned,16,conditioned64[16](c4=26),64,4,3.464102,tabu,3.149943,-0.314159,2000,0.362,2000
conditioned,17,conditioned64[17](c4=27),64,4,3.464102,family,3.113592,-0.350509,2000,0.64,2000
conditioned,17,conditioned64[17](c4=27),64,4,3.464102,randcon,3.211953,-0.252149,2000,0.556,2000
conditioned,17,conditioned64[17](c4=27),64,4,3.464102,random,3.222687,-0.241415,2000,0.417,2000
conditioned,17,conditioned64[17](c4=27),64,4,3.464102,anneal,3.116432,-0.347669,2000,0.396,2000
conditioned,17,conditioned64[17](c4=27),64,4,3.464102,tabu,3.116703,-0.347399,2000,0.377,2000
conditioned,18,conditioned64[18](c4=26),64,4,3.464102,family,3.099404,-0.364698,2000,0.604,2000
conditioned,18,conditioned64[18](c4=26),64,4,3.464102,randcon,3.220983,-0.243118,2000,0.525,2000
conditioned,18,conditioned64[18](c4=26),64,4,3.464102,random,3.239751,-0.224351,2000,0.397,2000
conditioned,18,conditioned64[18](c4=26),64,4,3.464102,anneal,3.183935,-0.280167,2000,0.385,2000
conditioned,18,conditioned64[18](c4=26),64,4,3.464102,tabu,3.056613,-0.407489,2000,0.378,2000
conditioned,19,conditioned64[19](c4=26),64,4,3.464102,family,3.146832,-0.31727,2000,0.651,2000
conditioned,19,conditioned64[19](c4=26),64,4,3.464102,randcon,3.229068,-0.235034,2000,0.539,2000
conditioned,19,conditioned64[19](c4=26),64,4,3.464102,random,3.218302,-0.2458,2000,0.405,2000
conditioned,19,conditioned64[19](c4=26),64,4,3.464102,anneal,3.201268,-0.262834,2000,0.391,2000
conditioned,19,conditioned64[19](c4=26),64,4,3.464102,tabu,3.143878,-0.320224,2000,0.375,2000
circulant,0,"C24(1,2)",24,4,3.464102,family,2.768375,-0.695726,2000,0.133,2000
circulant,0,"C24(1,2)",24,4,3.464102,randcon,3.095623,-0.368478,2000,0.105,2000
circulant,0,"C24(1,2)",24,4,3.464102,random,2.867726,-0.596376,2000,0.11,2000
circulant,0,"C24(1,2)",24,4,3.464102,anneal,2.793604,-0.670497,2000,0.093,2000
circulant,0,"C24(1,2)",24,4,3.464102,tabu,2.821266,-0.642836,2000,0.089,2000
circulant,1,"C28(1,2)",28,4,3.464102,family,2.784204,-0.679897,2000,0.154,2000
circulant,1,"C28(1,2)",28,4,3.464102,randcon,3.51179,0.047689,2000,0.132,2000
circulant,1,"C28(1,2)",28,4,3.464102,random,2.905223,-0.558878,2000,0.128,2000
circulant,1,"C28(1,2)",28,4,3.464102,anneal,2.829805,-0.634297,2000,0.108,2000
circulant,1,"C28(1,2)",28,4,3.464102,tabu,2.820387,-0.643715,2000,0.103,2000
circulant,2,"C32(1,2)",32,4,3.464102,family,2.794518,-0.669584,2000,0.175,2000
circulant,2,"C32(1,2)",32,4,3.464102,randcon,3.520462,0.056361,2000,0.154,2000
circulant,2,"C32(1,2)",32,4,3.464102,random,3.063566,-0.400536,2000,0.15,2000
circulant,2,"C32(1,2)",32,4,3.464102,anneal,2.832761,-0.631341,2000,0.131,2000
circulant,2,"C32(1,2)",32,4,3.464102,tabu,2.835144,-0.628958,2000,0.126,2000
circulant,3,"C36(1,2)",36,4,3.464102,family,2.801607,-0.662495,2000,0.234,2000
circulant,3,"C36(1,2)",36,4,3.464102,randcon,3.415448,-0.048653,2000,0.206,2000
circulant,3,"C36(1,2)",36,4,3.464102,random,3.007967,-0.456134,2000,0.197,2000
circulant,3,"C36(1,2)",36,4,3.464102,anneal,2.845227,-0.618875,2000,0.167,2000
circulant,3,"C36(1,2)",36,4,3.464102,tabu,2.824858,-0.639244,2000,0.165,2000
circulant,4,"C40(1,2)",40,4,3.464102,family,2.806687,-0.657415,2000,0.247,2000
circulant,4,"C40(1,2)",40,4,3.464102,randcon,3.299831,-0.164271,2000,0.225,2000
circulant,4,"C40(1,2)",40,4,3.464102,random,3.071701,-0.392401,2000,0.21,2000
circulant,4,"C40(1,2)",40,4,3.464102,anneal,2.887692,-0.576409,2000,0.195,2000
circulant,4,"C40(1,2)",40,4,3.464102,tabu,2.847561,-0.616541,2000,0.189,2000
circulant,5,"C44(1,2)",44,4,3.464102,family,2.81045,-0.653652,2000,0.28,2000
circulant,5,"C44(1,2)",44,4,3.464102,randcon,3.408209,-0.055892,2000,0.263,2000
circulant,5,"C44(1,2)",44,4,3.464102,random,3.070377,-0.393725,2000,0.258,2000
circulant,5,"C44(1,2)",44,4,3.464102,anneal,2.90052,-0.563581,2000,0.236,2000
circulant,5,"C44(1,2)",44,4,3.464102,tabu,2.824146,-0.639955,2000,0.224,2000
circulant,6,"C48(1,2)",48,4,3.464102,family,2.813315,-0.650787,2000,0.311,2000
circulant,6,"C48(1,2)",48,4,3.464102,randcon,3.261478,-0.202623,2000,0.291,2000
circulant,6,"C48(1,2)",48,4,3.464102,random,3.08157,-0.382531,2000,0.28,2000
circulant,6,"C48(1,2)",48,4,3.464102,anneal,2.881089,-0.583013,2000,0.27,2000
circulant,6,"C48(1,2)",48,4,3.464102,tabu,2.837807,-0.626295,2000,0.239,2000
circulant,7,"C52(1,2)",52,4,3.464102,family,2.815546,-0.648555,2000,0.356,2000
circulant,7,"C52(1,2)",52,4,3.464102,randcon,3.425415,-0.038687,2000,0.319,2000
circulant,7,"C52(1,2)",52,4,3.464102,random,3.119463,-0.344638,2000,0.323,2000
circulant,7,"C52(1,2)",52,4,3.464102,anneal,2.993802,-0.4703,2000,0.278,2000
circulant,7,"C52(1,2)",52,4,3.464102,tabu,2.85632,-0.607782,2000,0.263,2000
circulant,8,"C56(1,2)",56,4,3.464102,family,2.817318,-0.646784,2000,0.371,2000
circulant,8,"C56(1,2)",56,4,3.464102,randcon,3.669224,0.205123,2000,0.347,2000
circulant,8,"C56(1,2)",56,4,3.464102,random,3.152107,-0.311995,2000,0.332,2000
circulant,8,"C56(1,2)",56,4,3.464102,anneal,3.064046,-0.400056,2000,0.321,2000
circulant,8,"C56(1,2)",56,4,3.464102,tabu,2.846648,-0.617454,2000,0.337,2000
circulant,9,"C60(1,2)",60,4,3.464102,family,2.818748,-0.645354,2000,0.531,2000
circulant,9,"C60(1,2)",60,4,3.464102,randcon,3.400285,-0.063817,2000,0.463,2000
circulant,9,"C60(1,2)",60,4,3.464102,random,3.127384,-0.336718,2000,0.425,2000
circulant,9,"C60(1,2)",60,4,3.464102,anneal,3.047081,-0.417021,2000,0.391,2000
circulant,9,"C60(1,2)",60,4,3.464102,tabu,2.855189,-0.608913,2000,0.332,2000
circulant,10,"C64(1,2)",64,4,3.464102,family,2.819918,-0.644183,2000,0.43,2000
circulant,10,"C64(1,2)",64,4,3.464102,randcon,3.416666,-0.047436,2000,0.423,2000
circulant,10,"C64(1,2)",64,4,3.464102,random,3.097869,-0.366233,2000,0.42,2000
circulant,10,"C64(1,2)",64,4,3.464102,anneal,3.067458,-0.396644,2000,0.382,2000
circulant,10,"C64(1,2)",64,4,3.464102,tabu,2.849383,-0.614719,2000,0.381,2000
circulant,11,"C68(1,2)",68,4,3.464102,family,2.820889,-0.643213,2000,0.585,2000
circulant,11,"C68(1,2)",68,4,3.464102,randcon,3.59731,0.133208,2000,0.566,2000
circulant,11,"C68(1,2)",68,4,3.464102,random,3.157512,-0.30659,2000,0.568,2000
circulant,11,"C68(1,2)",68,4,3.464102,anneal,3.063285,-0.400817,2000,0.505,2000
circulant,11,"C68(1,2)",68,4,3.464102,tabu,2.862513,-0.601589,2000,0.463,2000
circulant,12,"C72(1,2)",72,4,3.464102,family,2.821702,-0.642399,2000,0.563,2000
circulant,12,"C72(1,2)",72,4,3.464102,randcon,3.456527,-0.007575,2000,0.565,2000
circulant,12,"C72(1,2)",72,4,3.464102,random,3.164152,-0.299949,2000,0.512,2000
circulant,12,"C72(1,2)",72,4,3.464102,anneal,3.07089,-0.393212,2000,0.493,2000
circulant,12,"C72(1,2)",72,4,3.464102,tabu,3.113925,-0.350177,2000,0.492,2000
circulant,13,"C76(1,2)",76,4,3.464102,family,2.822391,-0.641711,2000,0.638,2000
circulant,13,"C76(1,2)",76,4,3.464102,randcon,3.515232,0.05113,2000,0.597,2000
circulant,13,"C76(1,2)",76,4,3.464102,random,3.119123,-0.344978,2000,0.56,2000
circulant,13,"C76(1,2)",76,4,3.464102,anneal,3.112101,-0.352001,2000,0.531,2000
circulant,13,"C76(1,2)",76,4,3.464102,tabu,3.108302,-0.3558,2000,0.516,2000
circulant,14,"C80(1,2)",80,4,3.464102,family,2.822979,-0.641122,2000,0.648,2000
circulant,14,"C80(1,2)",80,4,3.464102,randcon,3.472221,0.008119,2000,0.638,2000
circulant,14,"C80(1,2)",80,4,3.464102,random,3.250076,-0.214025,2000,0.604,2000
circulant,14,"C80(1,2)",80,4,3.464102,anneal,3.081797,-0.382304,2000,0.583,2000
circulant,14,"C80(1,2)",80,4,3.464102,tabu,3.080779,-0.383322,2000,0.575,2000
circulant,15,"C84(1,2)",84,4,3.464102,family,2.823485,-0.640616,2000,0.673,2000
circulant,15,"C84(1,2)",84,4,3.464102,randcon,3.519662,0.055561,2000,0.714,2000
circulant,15,"C84(1,2)",84,4,3.464102,random,3.160832,-0.303269,2000,0.674,2000
circulant,15,"C84(1,2)",84,4,3.464102,anneal,3.134058,-0.330043,2000,0.645,2000
circulant,15,"C84(1,2)",84,4,3.464102,tabu,3.158385,-0.305716,2000,0.627,2000
circulant,16,"C88(1,2)",88,4,3.464102,family,2.823924,-0.640178,2000,0.765,2000
circulant,16,"C88(1,2)",88,4,3.464102,randcon,3.478129,0.014028,2000,0.706,2000
circulant,16,"C88(1,2)",88,4,3.464102,random,3.176028,-0.288074,2000,0.713,2000
circulant,16,"C88(1,2)",88,4,3.464102,anneal,3.085216,-0.378885,2000,0.671,2000
circulant,16,"C88(1,2)",88,4,3.464102,tabu,3.1097,-0.354402,2000,0.664,2000
circulant,17,"C92(1,2)",92,4,3.464102,family,2.824307,-0.639795,2000,0.854,2000
circulant,17,"C92(1,2)",92,4,3.464102,randcon,3.518425,0.054323,2000,0.831,2000
circulant,17,"C92(1,2)",92,4,3.464102,random,3.154093,-0.310008,2000,0.78,2000
circulant,17,"C92(1,2)",92,4,3.464102,anneal,3.140168,-0.323933,2000,0.742,2000
circulant,17,"C92(1,2)",92,4,3.464102,tabu,3.275749,-0.188353,2000,0.749,2000
circulant,18,"C96(1,2)",96,4,3.464102,family,2.824643,-0.639459,2000,0.897,2000
circulant,18,"C96(1,2)",96,4,3.464102,randcon,3.426628,-0.037474,2000,0.909,2000
circulant,18,"C96(1,2)",96,4,3.464102,random,3.260341,-0.20376,2000,0.835,2000
circulant,18,"C96(1,2)",96,4,3.464102,anneal,3.055932,-0.408169,2000,0.793,2000
circulant,18,"C96(1,2)",96,4,3.464102,tabu,3.341159,-0.122943,2000,0.78,2000
circulant,19,"C100(1,2)",100,4,3.464102,family,2.824939,-0.639162,2000,0.921,2000
circulant,19,"C100(1,2)",100,4,3.464102,randcon,3.514201,0.050099,2000,0.993,2000
circulant,19,"C100(1,2)",100,4,3.464102,random,3.163147,-0.300955,2000,0.912,2000
circulant,19,"C100(1,2)",100,4,3.464102,anneal,3.183089,-0.281013,2000,0.864,2000
circulant,19,"C100(1,2)",100,4,3.464102,tabu,3.393609,-0.070492,2000,0.855,2000
