family,n,d,seed,L,m,k,ncon,nsat,beta,kernel_dim,ntails,floor,rho_zero_tail,tail_mean,tail_std,tail_min,tail_max,tail_spread,rand_mean,rand_std,rand_min,std_ratio,sec
towerQ3,16,3,0,6,24,9,20,11,0.55,0,1,2.8284,2.712387,2.712387,0.0,2.712387,2.712387,0.0,2.6581,0.112,2.3163,0.0,0.0
towerK4,16,3,0,6,24,9,11,9,0.8182,3,8,2.8284,2.592862,2.592584,0.00036,2.592119,2.592862,0.000743,2.7317,0.0839,2.5837,0.0043,0.0
towerQ3,32,3,0,6,48,17,14,10,0.7143,7,128,2.8284,2.668099,2.677788,0.030394,2.617899,2.740152,0.122253,2.7444,0.0673,2.5893,0.4515,0.1
towerK4,32,3,0,6,48,17,10,8,0.8,9,200,2.8284,2.742567,2.713931,0.02348,2.663113,2.760035,0.096923,2.799,0.0521,2.6746,0.451,0.1
towerQ3,64,3,0,6,96,33,16,12,0.75,21,200,2.8284,2.725245,2.697851,0.021088,2.647549,2.752759,0.10521,2.7784,0.0403,2.6848,0.5236,0.2
towerK4,64,3,0,6,96,33,12,12,1.0,21,200,2.8284,2.73097,2.704169,0.013073,2.672745,2.736329,0.063584,2.8052,0.0343,2.7026,0.3814,0.2
planted4reg[16],32,4,0,4,64,33,20,18,0.9,16,200,3.4641,3.067141,2.993366,0.0363,2.887901,3.108067,0.220166,3.3604,0.0862,3.1226,0.4212,0.1
planted4reg[32],64,4,0,4,128,65,27,24,0.8889,42,200,3.4641,3.36473,3.214395,0.045839,3.090881,3.36473,0.273848,3.4059,0.0617,3.2586,0.7435,0.2
plain4reg,64,4,0,4,128,65,14,13,0.9286,53,200,3.4641,3.669227,3.318327,0.053691,3.210587,3.669227,0.458641,3.4158,0.0521,3.2913,1.0315,0.2
circulant12,30,4,0,4,60,31,30,30,1.0,2,4,3.4641,2.828427,2.818788,0.016695,2.789872,2.828427,0.038555,3.4547,0.158,3.1024,0.1057,0.0
towerQ3,128,3,0,6,192,65,10,10,1.0,55,200,2.8284,2.87531,2.763721,0.019238,2.717908,2.87531,0.157403,2.7969,0.0202,2.7481,0.9528,0.4
towerK4,128,3,0,6,192,65,13,13,1.0,52,200,2.8284,2.846921,2.774105,0.015044,2.729255,2.846921,0.117666,2.8126,0.0187,2.7724,0.8043,0.4
towerQ3,256,3,0,6,384,129,10,10,1.0,119,200,2.8284,2.943563,2.794957,0.016253,2.762612,2.943563,0.180951,2.8101,0.0145,2.7737,1.1236,1.8
towerK4,256,3,0,6,384,129,13,13,1.0,116,200,2.8284,2.939323,2.798656,0.015403,2.770422,2.939323,0.168901,2.8209,0.012,2.7961,1.2867,1.5
towerQ3,512,3,0,6,768,257,12,12,1.0,245,200,2.8284,2.96717,2.809006,0.013751,2.788962,2.96717,0.178208,2.8196,0.0078,2.8007,1.7565,6.9
towerK4,512,3,0,6,768,257,20,20,1.0,237,200,2.8284,2.953128,2.809877,0.012927,2.790634,2.953128,0.162494,2.8233,0.0068,2.8077,1.9108,6.8
towerQ3,1024,3,0,6,1536,513,8,8,1.0,505,200,2.8284,2.989329,2.819844,0.012989,2.808003,2.989329,0.181326,2.8226,0.0054,2.807,2.3883,40.3
towerK4,1024,3,0,6,1536,513,16,16,1.0,497,200,2.8284,2.979775,2.820401,0.012235,2.80882,2.979775,0.170955,2.8263,0.0046,2.8163,2.6538,39.9
planted4reg[64],128,4,0,4,256,129,41,37,0.9024,93,200,3.4641,3.523469,3.296856,0.035215,3.225535,3.523469,0.297933,3.4367,0.0391,3.3503,0.8996,0.5
planted4reg[128],256,4,0,4,512,257,69,66,0.9565,191,200,3.4641,3.49897,3.29881,0.024677,3.255408,3.49897,0.243562,3.4544,0.0252,3.3916,0.9792,1.8
planted4reg[256],512,4,0,4,1024,513,143,132,0.9231,383,200,3.4641,3.554443,3.328957,0.021026,3.297183,3.554443,0.257261,3.4658,0.0218,3.4149,0.963,8.2
towerQ3,16,3,1,6,24,9,20,12,0.6,1,2,2.8284,2.581807,2.581807,0.0,2.581807,2.581807,0.0,2.6489,0.1098,2.4142,0.0,0.0
towerK4,16,3,1,6,24,9,11,7,0.6364,3,8,2.8284,2.59722,2.621893,0.047599,2.594107,2.71539,0.121283,2.7328,0.079,2.5837,0.6026,0.0
towerQ3,32,3,1,6,48,17,22,14,0.6364,5,32,2.8284,2.767612,2.723422,0.031922,2.683507,2.767612,0.084105,2.7441,0.0787,2.5579,0.4056,0.0
towerK4,32,3,1,6,48,17,9,9,1.0,8,200,2.8284,2.70748,2.675769,0.02068,2.614417,2.722367,0.10795,2.7783,0.0459,2.6652,0.451,0.0
towerQ3,64,3,1,6,96,33,28,22,0.7857,13,200,2.8284,2.687197,2.701395,0.017495,2.65831,2.744724,0.086414,2.7828,0.0433,2.6713,0.4036,0.1
towerK4,64,3,1,6,96,33,9,9,1.0,24,200,2.8284,2.801935,2.736946,0.020991,2.696252,2.827329,0.131078,2.7984,0.0294,2.7437,0.7132,0.1
towerQ3,128,3,1,6,192,65,24,22,0.9167,43,200,2.8284,2.7747,2.735148,0.017026,2.694412,2.788441,0.094029,2.7995,0.0257,2.7302,0.6616,0.4
towerK4,128,3,1,6,192,65,11,11,1.0,54,200,2.8284,2.858407,2.781719,0.018917,2.741427,2.858407,0.116981,2.814,0.0192,2.769,0.9842,0.4
towerQ3,256,3,1,6,384,129,14,14,1.0,115,200,2.8284,2.927406,2.792486,0.016621,2.765291,2.927406,0.162115,2.8107,0.0137,2.7788,1.2142,1.4
towerK4,256,3,1,6,384,129,13,13,1.0,116,200,2.8284,2.918659,2.799168,0.013618,2.778267,2.918659,0.140391,2.8168,0.0126,2.7809,1.0815,1.4
towerQ3,512,3,1,6,768,257,6,6,1.0,251,200,2.8284,2.984976,2.814158,0.014395,2.794009,2.984976,0.190966,2.8176,0.009,2.796,1.6083,6.3
towerK4,512,3,1,6,768,257,19,19,1.0,238,200,2.8284,2.947581,2.809971,0.012064,2.791662,2.947581,0.155919,2.8242,0.0082,2.8067,1.4671,6.5
towerQ3,1024,3,1,6,1536,513,8,8,1.0,505,200,2.8284,2.989982,2.820194,0.013567,2.804696,2.989982,0.185287,2.8222,0.0056,2.8093,2.4215,39.2
towerK4,1024,3,1,6,1536,513,17,17,1.0,496,200,2.8284,2.977073,2.820004,0.011963,2.809724,2.977073,0.167349,2.8259,0.0048,2.8141,2.4767,40.6
planted4reg[16],32,4,1,4,64,33,14,13,0.9286,20,200,3.4641,3.311373,3.177327,0.061341,3.042777,3.34497,0.302193,3.3707,0.112,3.1315,0.5476,0.1
planted4reg[32],64,4,1,4,128,65,27,23,0.8519,43,200,3.4641,3.400236,3.230886,0.043773,3.121794,3.400236,0.278442,3.4096,0.0669,3.277,0.6546,0.2
planted4reg[64],128,4,1,4,256,129,44,39,0.8864,91,200,3.4641,3.464238,3.300523,0.034601,3.219956,3.464238,0.244282,3.4506,0.0438,3.3525,0.7895,0.5
planted4reg[128],256,4,1,4,512,257,90,79,0.8778,183,200,3.4641,3.539279,3.312752,0.027212,3.262699,3.539279,0.27658,3.4645,0.0316,3.3822,0.8623,1.8
planted4reg[256],512,4,1,4,1024,513,122,113,0.9262,400,200,3.4641,3.617069,3.34758,0.024489,3.311555,3.617069,0.305514,3.47,0.018,3.4379,1.3595,8.1
towerQ3,16,3,2,6,24,9,20,14,0.7,0,1,2.8284,2.574111,2.574111,0.0,2.574111,2.574111,0.0,2.6768,0.1225,2.3163,0.0,0.0
towerK4,16,3,2,6,24,9,11,9,0.8182,3,8,2.8284,2.592119,2.592491,0.000371,2.592119,2.592862,0.000743,2.7302,0.0893,2.5837,0.0042,0.0
towerQ3,32,3,2,6,48,17,26,17,0.6538,3,8,2.8284,2.62191,2.646488,0.028422,2.616512,2.696409,0.079897,2.7415,0.0764,2.5747,0.3723,0.0
towerK4,32,3,2,6,48,17,10,10,1.0,7,128,2.8284,2.621236,2.627038,0.011402,2.607004,2.644698,0.037694,2.7812,0.0457,2.6973,0.2497,0.0
towerQ3,64,3,2,6,96,33,28,21,0.75,13,200,2.8284,2.691318,2.66311,0.013502,2.62323,2.698919,0.075689,2.7788,0.038,2.7004,0.3549,0.1
towerK4,64,3,2,6,96,33,14,14,1.0,19,200,2.8284,2.725921,2.713623,0.01755,2.670788,2.775756,0.104968,2.808,0.0304,2.7303,0.5778,0.1
towerQ3,128,3,2,6,192,65,24,24,1.0,41,200,2.8284,2.721849,2.698397,0.013162,2.664196,2.738143,0.073948,2.799,0.0239,2.7423,0.55,0.4
towerK4,128,3,2,6,192,65,15,15,1.0,50,200,2.8284,2.842614,2.778986,0.015821,2.741058,2.842614,0.101556,2.8212,0.0193,2.774,0.8195,0.4
towerQ3,256,3,2,6,384,129,18,18,1.0,111,200,2.8284,2.899467,2.781771,0.014355,2.756119,2.899467,0.143348,2.81,0.0149,2.7739,0.9666,1.4
towerK4,256,3,2,6,384,129,9,9,1.0,120,200,2.8284,2.943591,2.804035,0.014044,2.779485,2.943591,0.164106,2.8175,0.0118,2.7903,1.1942,1.3
towerQ3,512,3,2,6,768,257,16,16,1.0,241,200,2.8284,2.95993,2.80622,0.014081,2.785906,2.95993,0.174024,2.8183,0.0094,2.7982,1.5006,6.4
towerK4,512,3,2,6,768,257,11,11,1.0,246,200,2.8284,2.96836,2.815956,0.013516,2.798198,2.96836,0.170161,2.8241,0.0072,2.811,1.8669,6.3
towerQ3,1024,3,2,6,1536,513,10,10,1.0,503,200,2.8284,2.987831,2.820616,0.013147,2.805649,2.987831,0.182181,2.822,0.0047,2.814,2.7825,40.1
towerK4,1024,3,2,6,1536,513,13,13,1.0,500,200,2.8284,2.982436,2.821305,0.012335,2.81081,2.982436,0.171625,2.8264,0.005,2.8168,2.4855,38.8
planted4reg[16],32,4,2,4,64,33,18,15,0.8333,18,200,3.4641,3.114133,3.113205,0.051745,2.995548,3.266667,0.271118,3.3856,0.0957,3.1322,0.5404,0.1
planted4reg[32],64,4,2,4,128,65,26,22,0.8462,44,200,3.4641,3.516139,3.256065,0.043341,3.1672,3.516139,0.348938,3.4155,0.0629,3.2556,0.6895,0.2
planted4reg[64],128,4,2,4,256,129,41,39,0.9512,91,200,3.4641,3.535973,3.302459,0.046071,3.213747,3.535973,0.322226,3.4441,0.0426,3.3398,1.0802,0.5
planted4reg[128],256,4,2,4,512,257,73,68,0.9315,189,200,3.4641,3.526938,3.31675,0.025376,3.266414,3.526938,0.260524,3.4596,0.0312,3.3802,0.812,1.8
planted4reg[256],512,4,2,4,1024,513,120,112,0.9333,401,200,3.4641,3.599678,3.350009,0.02388,3.314025,3.599678,0.285653,3.4713,0.0242,3.4217,0.9887,8.4
plain4reg,256,4,0,4,512,257,13,13,1.0,244,200,3.4641,3.886636,3.419406,0.039309,3.353926,3.886636,0.53271,3.4527,0.0208,3.4007,1.8903,1.6
circulant12,120,4,0,4,240,121,120,120,1.0,2,4,3.4641,2.826005,2.827216,0.001211,2.826005,2.828427,0.002422,3.6,0.0979,3.4188,0.0124,0.2
circulant12,480,4,0,4,960,481,480,480,1.0,2,4,3.4641,2.828276,2.828351,7.6e-05,2.828276,2.828427,0.000151,3.7149,0.0651,3.5915,0.0012,2.4
